id;token;create_date
0b0b095f-5612-4bfa-97e5-ec855b96754a;mint South;2021-11-11
457e8b34-f578-435c-b719-441cff57dcb3;Reduced framework redefine;2021-11-11
ec99330b-b0b9-4fd2-a6ed-c6e452330aa4;deliverables Licensed;2021-11-10
3e37e3ce-0af7-4cf6-bfb9-5154d16abd86;withdrawal capability Ä°spanya;2021-11-10
7edbc390-2e2e-437c-88ef-efcafb7f922b;Massachusetts;2021-11-11
e11da494-31ac-433a-b471-57b6ec478b8a;mesh mindshare Account;2021-11-11
b055fa5c-566a-41f9-b711-0d5716d21faf;Hawaii Data;2021-11-11
ea576348-a197-4add-bb57-5f2363f8ea0b;content-based;2021-11-11
9b247baf-1633-4ad2-a40b-74c27da28947;Nebraska;2021-11-11
fc0ca0d2-6e28-4bc3-b0a9-f3ea16657bf4;Colorado Program;2021-11-11
