id;client_name;client_surname;client_mail;client_phone;client_address
64caa487-cb2d-441a-89cf-6d44b5e464df;engage invoice Grocery;Program Arkansas iterate;online Account global;Account superstructure Security;Maine Legacy e-markets
e23216f1-bbc9-4223-98c7-711c701c70a4;Idaho Branding Response;Plastic;regional;Grocery;Interactions Enhanced
b179fecd-3e4a-4825-8103-b0f015624142;National sexy;reboot;withdrawal Wooden;Director SCSI Executive;Strategist Mayotte,
aea22901-0ba7-4ee7-b5d4-90cdd5b5566a;expedite Bedfordshire Director;gold Kamerun;hacking;Cheese withdrawal Mouse;Savings program hack
cbaba61c-513c-4ba9-911b-d50b9b89b289;payment haptic;Loan Officer Money;Chair vortals SMS;Korean Berkshire compressing;Mill parse
3379a976-70b6-4461-8563-ef079530d27a;Divide;Buckinghamshire Account Cambridgeshire;Computers;interface Liaison;Amerika
de4d0841-9d4f-4f6e-9375-968e2c2cafce;Bedfordshire exploit functionalities;Licensed Frozen;optimize Maine Awesome;hierarchy Ä°ran Practical;vortals Cheese
968e1611-7a32-4247-96e5-79d1a49eb3d1;Direct Borders Buckinghamshire;Infrastructure;Producer Implementation Soap;Music streamline;Wooden
05a2c882-a8c1-4a75-9913-04dec8eecb1a;Buckinghamshire Fantastic;Customer productize;Computer Brand Team-oriented;Kids matrix Facilitator;SMS Borders
feeba246-356a-404f-a483-407db70fb06f;deliver;withdrawal;connecting Assurance;microchip synthesize mobile;scalable
