id;company_name;company_phone;company_mail;company_address
476116ad-89e8-4a88-95d0-7b6c1a432feb;teal reboot invoice;Analyst schemas Electronics;Research Automotive explicit;Steel JBOD Afrika
b1de9a2a-751a-418b-a4d3-8a21828e7846;Account;viral;Concrete Synergized;Central Investment Extensions
62d578ee-ad97-4844-b217-0c9364814915;AI;Azerbaijanian plug-and-play firewall;redundant;structure payment
3255b56c-d7cd-419c-bad1-4e74cf45765b;Keyboard Frozen;ROI Georgia;Borders;navigate
c1870de6-39e2-4f49-a297-ac1da600bd72;utilize;auxiliary Chips Computer;responsive;Generic content-based
ed528f63-2b30-4843-86f7-ba15b3813e83;Bedfordshire killer input;GB;Music Gorgeous;B2B drive digital
14ee5411-1464-47d1-8636-ae9d943add1b;Refined;Operations Administrator blue;Cambridgeshire withdrawal;virtual Corners Generic
c746b977-fcf5-4f19-9268-28d922838930;tolerance non-volatile;RAM Naira Account;Account bypassing;Account
5b8eb9e4-7652-4d34-b8ee-782fbc6fd70d;Ruble Rubber;dot-com Applications Michigan;calculating;application Mouse deposit
145fe4b5-6733-4121-94b5-51f12257838e;calculating Steel;Garden feed Alaska;Orchestrator Wisconsin;driver Concrete
