id;name;photo;photo_content_type
ab1c4c7b-c877-4203-a883-8d5311b27f03;Tunisian Cambridgeshire;../fake-data/blob/hipster.png;image/png
83ef97c3-27b3-4c80-85fc-980f1e589933;Tennessee withdrawal;../fake-data/blob/hipster.png;image/png
24d36e05-eca4-48ff-b019-97b9e349b11a;Pants;../fake-data/blob/hipster.png;image/png
05ada852-4451-434d-8c66-9bc25afa456a;panel;../fake-data/blob/hipster.png;image/png
30363054-9d39-4f25-8990-19dd9223e856;Solutions eyeballs;../fake-data/blob/hipster.png;image/png
5196834c-8cf8-4e7c-8986-09aef79b2803;Alabama;../fake-data/blob/hipster.png;image/png
adc2f12f-31e0-49cb-be48-26f35f5ac956;parse;../fake-data/blob/hipster.png;image/png
9edaed7d-97a7-4d2e-9e33-c0ff54f5cc7e;Kuwaiti superstructure;../fake-data/blob/hipster.png;image/png
0823bed6-4def-4057-9136-59ccb91aa3d0;partnerships Bedfordshire turquoise;../fake-data/blob/hipster.png;image/png
316f962f-e608-49c0-a57a-d40f650c174b;Versatile Borders initiatives;../fake-data/blob/hipster.png;image/png
